-------------Inserccion De Maquinas------------------------------------------------------------
INSERT INTO MAQUINA(MAQ_CODIGO,MAQ_NOMBRE,MAQ_PESO,MAQ_TIPOMAQUINA,MAQ_MUSCULOTRABAJA,MAQ_MARCA) VALUES(345,'curl biceps',50,'Peso','Brazo','Nuke');
INSERT INTO MAQUINA(MAQ_CODIGO,MAQ_NOMBRE,MAQ_PESO,MAQ_TIPOMAQUINA,MAQ_MUSCULOTRABAJA,MAQ_MARCA) VALUES(790,'Caminadora',0,'multifuncional','piernas','sony');
INSERT INTO MAQUINA(MAQ_CODIGO,MAQ_NOMBRE,MAQ_PESO,MAQ_TIPOMAQUINA,MAQ_MUSCULOTRABAJA,MAQ_MARCA) VALUES(777,'Escaladora',0,'multifuncional','piernas','sony');
INSERT INTO MAQUINA(MAQ_CODIGO,MAQ_NOMBRE,MAQ_PESO,MAQ_TIPOMAQUINA,MAQ_MUSCULOTRABAJA,MAQ_MARCA) VALUES(888,'Polea Jalon',100,'multifuncional','espala','nuke');
INSERT INTO MAQUINA(MAQ_CODIGO,MAQ_NOMBRE,MAQ_PESO,MAQ_TIPOMAQUINA,MAQ_MUSCULOTRABAJA,MAQ_MARCA) VALUES(878,'PeckFly',60,'jaula','pecho','nuv');
INSERT INTO MAQUINA(MAQ_CODIGO,MAQ_NOMBRE,MAQ_PESO,MAQ_TIPOMAQUINA,MAQ_MUSCULOTRABAJA,MAQ_MARCA) VALUES(987,'rack calistenia',0,'multifuncional','espalda','sony');
INSERT INTO MAQUINA(MAQ_CODIGO,MAQ_NOMBRE,MAQ_PESO,MAQ_TIPOMAQUINA,MAQ_MUSCULOTRABAJA,MAQ_MARCA) VALUES(175,'Press Inclinado',200,'Banco','pecho','nuke');
INSERT INTO MAQUINA(MAQ_CODIGO,MAQ_NOMBRE,MAQ_PESO,MAQ_TIPOMAQUINA,MAQ_MUSCULOTRABAJA,MAQ_MARCA) VALUES(4573,'Extensiones',100,'jaula','pienra','nut');
INSERT INTO MAQUINA(MAQ_CODIGO,MAQ_NOMBRE,MAQ_PESO,MAQ_TIPOMAQUINA,MAQ_MUSCULOTRABAJA,MAQ_MARCA) VALUES(4683,'Smith',200,'multifucional','pienra','nut');
------------Inserccion De Persona
INSERT INTO PERSONA (PER_CEDULA,PER_NOMBRE,PER_APELLIDO,PER_FECHANACI,PER_SEXO,PER_PESO,PER_ALTURA) VALUES (192,'Mariana','Ramirez','16/12/02','femenino',50,150);
INSERT INTO PERSONA (PER_CEDULA,PER_NOMBRE,PER_APELLIDO,PER_FECHANACI,PER_SEXO,PER_PESO,PER_ALTURA) VALUES (172,'Laura','perez','22/02/01','femenino',70,160);
INSERT INTO PERSONA (PER_CEDULA,PER_NOMBRE,PER_APELLIDO,PER_FECHANACI,PER_SEXO,PER_PESO,PER_ALTURA) VALUES (182,'sofia','azul','03/06/97','femenino',55,152);
INSERT INTO PERSONA (PER_CEDULA,PER_NOMBRE,PER_APELLIDO,PER_FECHANACI,PER_SEXO,PER_PESO,PER_ALTURA) VALUES (263,'Sebastian','sotel','21/08/05','masculino',80,190);
INSERT INTO PERSONA (PER_CEDULA,PER_NOMBRE,PER_APELLIDO,PER_FECHANACI,PER_SEXO,PER_PESO,PER_ALTURA) VALUES (274,'edwin','green','14/09/98','masculino',70,175);
INSERT INTO PERSONA (PER_CEDULA,PER_NOMBRE,PER_APELLIDO,PER_FECHANACI,PER_SEXO,PER_PESO,PER_ALTURA) VALUES (291,'johan','apple','21/11/03','masculino',80,190);
INSERT INTO PERSONA (PER_CEDULA,PER_NOMBRE,PER_APELLIDO,PER_FECHANACI,PER_SEXO,PER_PESO,PER_ALTURA) VALUES (245,'Oscar','sarca','11/03/03','masculino',70,160);
INSERT INTO PERSONA (PER_CEDULA,PER_NOMBRE,PER_APELLIDO,PER_FECHANACI,PER_SEXO,PER_PESO,PER_ALTURA) VALUES (367,'jesse','berny','21/05/01','masculino',90,190);
INSERT INTO PERSONA (PER_CEDULA,PER_NOMBRE,PER_APELLIDO,PER_FECHANACI,PER_SEXO,PER_PESO,PER_ALTURA) VALUES (332,'sofia','Cameron','23/03/03','femenino',55,152);
INSERT INTO PERSONA (PER_CEDULA,PER_NOMBRE,PER_APELLIDO,PER_FECHANACI,PER_SEXO,PER_PESO,PER_ALTURA) VALUES (322,'karen','arana','28/08/01','femenino',65,162);
/*--------------------------------------------------------------------------------*/
/*-------------------------Insercion De Todos Los Datos DE ENTRENADOR-------------*/
/*--------------------------------------------------------------------------------*/
------------Inserccion De Entrenador
INSERT INTO ENTRENADOR(PER_CEDULA,PER_NOMBRE,PER_APELLIDO,PER_FECHANACI,PER_SEXO,PER_PESO,PER_ALTURA,ENTRE_SALARIO) VALUES (245,'Oscar','sarca','11/03/03','masculino',70,160,100000);
INSERT INTO ENTRENADOR(PER_CEDULA,PER_NOMBRE,PER_APELLIDO,PER_FECHANACI,PER_SEXO,PER_PESO,PER_ALTURA,ENTRE_SALARIO) VALUES (367,'jesse','berny','21/05/01','masculino',90,190,250000);
INSERT INTO ENTRENADOR(PER_CEDULA,PER_NOMBRE,PER_APELLIDO,PER_FECHANACI,PER_SEXO,PER_PESO,PER_ALTURA,ENTRE_SALARIO) VALUES (332,'sofia','Cameron','23/03/03','femenino',55,152,150000);
INSERT INTO ENTRENADOR(PER_CEDULA,PER_NOMBRE,PER_APELLIDO,PER_FECHANACI,PER_SEXO,PER_PESO,PER_ALTURA,ENTRE_SALARIO) VALUES (322,'karen','arana','28/08/01','femenino',65,162,150000);
-------------Inserccion De Curso
INSERT INTO CURSO(CUR_ID,CUR_NOMBRE,CUR_DESCRIPCION,PER_CEDULA) VALUES (123,'Tension Mecanica','El Alumno Aprende Sobre Tension Mecanica',245);
INSERT INTO CURSO(CUR_ID,CUR_NOMBRE,CUR_DESCRIPCION,PER_CEDULA) VALUES (456,'Estres Metabolico','El Alumno Aprende Sobre Estres Metabolico',367);
INSERT INTO CURSO(CUR_ID,CUR_NOMBRE,CUR_DESCRIPCION,PER_CEDULA) VALUES (789,'Entranmiento recuperacion','El Alumno Aprende Sobre Entramientos para recuperarse de una lesion',245);
------------Inserccion De Capacita
INSERT INTO CAPACITA(PER_CEDULA,CUR_ID) VALUES(367,123);
INSERT INTO CAPACITA(PER_CEDULA,CUR_ID) VALUES(332,123);
INSERT INTO CAPACITA(PER_CEDULA,CUR_ID) VALUES(245,456);
-----------Inserccion De Cliente
INSERT INTO CLIENTE (PER_CEDULA,PER_NOMBRE,PER_APELLIDO,PER_FECHANACI,PER_SEXO,PER_PESO,PER_ALTURA,CLI_TARJETACREDITO,CLI_CIUDAD) VALUES (192,'Mariana','Ramirez','16/12/02','femenino',50,150,112431,'popayan');
INSERT INTO CLIENTE (PER_CEDULA,PER_NOMBRE,PER_APELLIDO,PER_FECHANACI,PER_SEXO,PER_PESO,PER_ALTURA,CLI_TARJETACREDITO,CLI_CIUDAD) VALUES (172,'Laura','perez','22/02/01','femenino',70,160,1231,'popayan');
INSERT INTO CLIENTE (PER_CEDULA,PER_NOMBRE,PER_APELLIDO,PER_FECHANACI,PER_SEXO,PER_PESO,PER_ALTURA,CLI_TARJETACREDITO,CLI_CIUDAD) VALUES (182,'sofia','azul','03/06/97','femenino',55,152,214431,'cali');
----------Inserccion Usuario
INSERT INTO USUARIO(USU_LOGIN,EXA_NOMBRE,PER_CEDULA,USU_PASSWORD,USU_CORREO) VALUES ('MRamirez','CovidTest',192,12345,'ramirez@gmail.com');
INSERT INTO USUARIO(USU_LOGIN,EXA_NOMBRE,PER_CEDULA,USU_PASSWORD,USU_CORREO) VALUES ('LRperez','CovidTest',172,12345,'perez@gmail.com');
INSERT INTO USUARIO(USU_LOGIN,EXA_NOMBRE,PER_CEDULA,USU_PASSWORD,USU_CORREO) VALUES ('SFazul','CovivenciaTest',182,12345,'azul@gmail.com');
------------Inserccion De Planes
INSERT INTO ADICIONAL (ADI_NOMBRE,ADI_PRECIO,ADI_DESCRIPCION) VALUES ('Entrenador', 15000, 'Asesorias con un entrenador');
INSERT INTO ADICIONAL (ADI_NOMBRE,ADI_PRECIO,ADI_DESCRIPCION) VALUES ('Alimentacion', 15000, 'Asesorias con un Nutricionista y plan de alimentacion');
INSERT INTO suscripcion(sus_nombre , sus_precio , sus_descripcion ) values ('Base', 30000, 'Brinda entrada ilimitada al gimnasio');
INSERT INTO suscripcion(sus_nombre , sus_precio , sus_descripcion ) values ('Base2', 45000, 'Brinda entrada ilimitada al gimnasio y entrenador');
INSERT INTO suscripcion(sus_nombre , sus_precio , sus_descripcion ) values ('Base3', 60000, 'Brinda entrada ilimitada al gimnasio, entrnador y alimentacion');
INSERT INTO tiene3(adi_nombre , sus_nombre) VALUES ('Entrenador','Base2');
INSERT INTO tiene3(adi_nombre , sus_nombre) VALUES ('Entrenador','Base3');
INSERT INTO tiene3(adi_nombre , sus_nombre) VALUES ('Alimentacion','Base3');
----------Inserccion De Ejercicios
INSERT INTO  EJERCICIO(EJER_CODIGO,MAQ_CODIGO,EJER_NOMBRE,EJER_SERIES,EJER_REPESERIES,EJER_DESCANSO,EJER_DESCRIPCION,EJER_MUSCULOEJER,EJER_TIPOTRENEJER) VALUES (987,345,'Bombeo biceps',4,12,'30 segundos','subir la barra zeta con biceps','biceps','tren superior');
INSERT INTO  EJERCICIO(EJER_CODIGO,MAQ_CODIGO,EJER_NOMBRE,EJER_SERIES,EJER_REPESERIES,EJER_DESCANSO,EJER_DESCRIPCION,EJER_MUSCULOEJER,EJER_TIPOTRENEJER) VALUES (275,175,'Press inclinado',4,12,'60 segundos','ejercicio para pecho concentrado','pecho','tren superior');
INSERT INTO  EJERCICIO(EJER_CODIGO,MAQ_CODIGO,EJER_NOMBRE,EJER_SERIES,EJER_REPESERIES,EJER_DESCANSO,EJER_DESCRIPCION,EJER_MUSCULOEJER,EJER_TIPOTRENEJER) VALUES (487,878,'peck fly',3,8,'120 segundos','peckfly pesado y conecntrado','pecho','tren superior');
INSERT INTO  EJERCICIO(EJER_CODIGO,MAQ_CODIGO,EJER_NOMBRE,EJER_SERIES,EJER_REPESERIES,EJER_DESCANSO,EJER_DESCRIPCION,EJER_MUSCULOEJER,EJER_TIPOTRENEJER) VALUES (677,888,'Jalon pecho',5,20,'30 segundos','jalon de espalda estres metabolico','Espalda','tren superior');
INSERT INTO  EJERCICIO(EJER_CODIGO,MAQ_CODIGO,EJER_NOMBRE,EJER_SERIES,EJER_REPESERIES,EJER_DESCANSO,EJER_DESCRIPCION,EJER_MUSCULOEJER,EJER_TIPOTRENEJER) VALUES (697,987,'Dominadas',4,12,'30 segundos','Dominadas Con peso','Espalda','tren superior');
INSERT INTO  EJERCICIO(EJER_CODIGO,MAQ_CODIGO,EJER_NOMBRE,EJER_SERIES,EJER_REPESERIES,EJER_DESCANSO,EJER_DESCRIPCION,EJER_MUSCULOEJER,EJER_TIPOTRENEJER) VALUES (357,790,'cardio',0,0,'0 segundos','Inicio De Cardio Para Calentar','Piernas','tren inferior');
INSERT INTO  EJERCICIO(EJER_CODIGO,MAQ_CODIGO,EJER_NOMBRE,EJER_SERIES,EJER_REPESERIES,EJER_DESCANSO,EJER_DESCRIPCION,EJER_MUSCULOEJER,EJER_TIPOTRENEJER) VALUES (4897,4573,'Extensiones',5,30,'120 segundos','Extensiones estres metabolico','Piernas','tren inferior');
INSERT INTO  EJERCICIO(EJER_CODIGO,MAQ_CODIGO,EJER_NOMBRE,EJER_SERIES,EJER_REPESERIES,EJER_DESCANSO,EJER_DESCRIPCION,EJER_MUSCULOEJER,EJER_TIPOTRENEJER) VALUES (7697,4683,'Sentadilla smith',4,8,'60 segundos','Sentadilla smith pesado','Piernas','tren inferior');
-------------Inserccion De Rutinas
INSERT INTO RUTINA(RUT_ID,PER_CEDULA,RUT_NOMBRE,RUT_TIPOTRENEJER) VALUES (123,322,'Rutina Pierna','tren inferior');
INSERT INTO RUTINA(RUT_ID,PER_CEDULA,RUT_NOMBRE,RUT_TIPOTRENEJER) VALUES (456,322,'Rutina Pecho','tren superior');

INSERT INTO RUTINA(RUT_ID,PER_CEDULA,RUT_NOMBRE,RUT_TIPOTRENEJER) VALUES (665,322,'Rutina Espalda','tren superior');
INSERT INTO RUTINA(RUT_ID,PER_CEDULA,RUT_NOMBRE,RUT_TIPOTRENEJER) VALUES (998,322,'Rutina Cuadriceps','tren inferior');
INSERT INTO RUTINA(RUT_ID,PER_CEDULA,RUT_NOMBRE,RUT_TIPOTRENEJER) VALUES (877,322,'Rutina Biceps','tren superior');
------------Inserccion De rutina y Ejercicos
INSERT INTO TIENE2(RUT_ID,EJER_CODIGO) VALUES (123,4897);
INSERT INTO TIENE2(RUT_ID,EJER_CODIGO) VALUES (123,7697);
INSERT INTO TIENE2(RUT_ID,EJER_CODIGO) VALUES (456,275);
INSERT INTO TIENE2(RUT_ID,EJER_CODIGO) VALUES (456,487);

INSERT INTO TIENE2(RUT_ID,EJER_CODIGO) VALUES (655,677);
INSERT INTO TIENE2(RUT_ID,EJER_CODIGO) VALUES (655,697);
INSERT INTO TIENE2(RUT_ID,EJER_CODIGO) VALUES (877,987);
INSERT INTO TIENE2(RUT_ID,EJER_CODIGO) VALUES (877,677);
INSERT INTO TIENE2(RUT_ID,EJER_CODIGO) VALUES (988,4897);
INSERT INTO TIENE2(RUT_ID,EJER_CODIGO) VALUES (988,7697);
-----------Inserccion De Proveedor 
INSERT INTO PROVEEDOR(PROVE_NIT,PROVE_NOMBRE,PROVE_TELEFONO,PROVE_DIRECCION,PROVE_CORREO) VALUES (124,'PESAS_SAS',12343,'CR24-201','pesas@hotmail.com');
INSERT INTO PROVEEDOR(PROVE_NIT,PROVE_NOMBRE,PROVE_TELEFONO,PROVE_DIRECCION,PROVE_CORREO) VALUES (354,'Proteinas_world',1233,'CR28-31','proteinas@hotmail.com');
INSERT INTO PROVEEDOR(PROVE_NIT,PROVE_NOMBRE,PROVE_TELEFONO,PROVE_DIRECCION,PROVE_CORREO) VALUES (789,'bebidas',1223,'CR24-191','bebidas@hotmail.com');
---------Inserccion De Productos
INSERT INTO PRODUCTO(PROD_CODBARRAS,PROVE_NIT,PROD_NOMBRE,PROD_PRECIO,PROD_CANTIDAD,PROD_TIPOPROD) VALUES (4111,124,'Barra olimpica',10000,5,'maquina');
INSERT INTO PRODUCTO(PROD_CODBARRAS,PROVE_NIT,PROD_NOMBRE,PROD_PRECIO,PROD_CANTIDAD,PROD_TIPOPROD) VALUES (4341,124,'Discos de 10 kg',5000,15,'maquina');
INSERT INTO PRODUCTO(PROD_CODBARRAS,PROVE_NIT,PROD_NOMBRE,PROD_PRECIO,PROD_CANTIDAD,PROD_TIPOPROD) VALUES (4321,124,'Cuerda',1000,20,'maquina');
INSERT INTO PRODUCTO(PROD_CODBARRAS,PROVE_NIT,PROD_NOMBRE,PROD_PRECIO,PROD_CANTIDAD,PROD_TIPOPROD) VALUES (5311,354,'Proteina whey',100000,20,'proteina');
INSERT INTO PRODUCTO(PROD_CODBARRAS,PROVE_NIT,PROD_NOMBRE,PROD_PRECIO,PROD_CANTIDAD,PROD_TIPOPROD) VALUES (5321,354,'Psycothic',20000,20,'proteina');
INSERT INTO PRODUCTO(PROD_CODBARRAS,PROVE_NIT,PROD_NOMBRE,PROD_PRECIO,PROD_CANTIDAD,PROD_TIPOPROD) VALUES (6311,354,'Moster',6000,50,'otro');
INSERT INTO PRODUCTO(PROD_CODBARRAS,PROVE_NIT,PROD_NOMBRE,PROD_PRECIO,PROD_CANTIDAD,PROD_TIPOPROD) VALUES (6321,354,'agua',2000,20,'otro');
INSERT INTO PRODUCTO(PROD_CODBARRAS,PROVE_NIT,PROD_NOMBRE,PROD_PRECIO,PROD_CANTIDAD,PROD_TIPOPROD) VALUES (644456,124,'Inzine Protien',2000,20,'proteina');
INSERT INTO PRODUCTO(PROD_CODBARRAS,PROVE_NIT,PROD_NOMBRE,PROD_PRECIO,PROD_CANTIDAD,PROD_TIPOPROD) VALUES (345532,789,'Hack',2000,20,'maquina');
INSERT INTO PRODUCTO(PROD_CODBARRAS,PROVE_NIT,PROD_NOMBRE,PROD_PRECIO,PROD_CANTIDAD,PROD_TIPOPROD) VALUES (534566,124,'Gaseosa',2000,20,'otro');
INSERT INTO PRODUCTO(PROD_CODBARRAS,PROVE_NIT,PROD_NOMBRE,PROD_PRECIO,PROD_CANTIDAD,PROD_TIPOPROD) VALUES (745786,354,'TNT',2000,20,'proteina');
INSERT INTO PRODUCTO(PROD_CODBARRAS,PROVE_NIT,PROD_NOMBRE,PROD_PRECIO,PROD_CANTIDAD,PROD_TIPOPROD) VALUES (666545,789,'Camninadora',2000,20,'maquina');
INSERT INTO PRODUCTO(PROD_CODBARRAS,PROVE_NIT,PROD_NOMBRE,PROD_PRECIO,PROD_CANTIDAD,PROD_TIPOPROD) VALUES (123324,124,'WEY Proteina max',2000,20,'proteina');
INSERT INTO PRODUCTO(PROD_CODBARRAS,PROVE_NIT,PROD_NOMBRE,PROD_PRECIO,PROD_CANTIDAD,PROD_TIPOPROD) VALUES (212133,354,'Escalador',2000,20,'maquina');
INSERT INTO PRODUCTO(PROD_CODBARRAS,PROVE_NIT,PROD_NOMBRE,PROD_PRECIO,PROD_CANTIDAD,PROD_TIPOPROD) VALUES (533433,354,'Psychotic Proteine',2000,20,'proteina');
INSERT INTO PRODUCTO(PROD_CODBARRAS,PROVE_NIT,PROD_NOMBRE,PROD_PRECIO,PROD_CANTIDAD,PROD_TIPOPROD) VALUES (889098,789,'Mass Carnivore',2000,20,'proteina');
INSERT INTO PRODUCTO(PROD_CODBARRAS,PROVE_NIT,PROD_NOMBRE,PROD_PRECIO,PROD_CANTIDAD,PROD_TIPOPROD) VALUES (222344,354,'Gatorde',2000,20,'otro');
----------ACTUALIZAR USUARIOS
UPDATE CLIENTE SET USU_LOGIN = 'MRamirez' WHERE PER_CEDULA = 192;
UPDATE CLIENTE SET USU_LOGIN = 'LRperez' WHERE PER_CEDULA = 172;
-----------PLAN ALIMENTACION
INSERT INTO PLANALIMENTACION(PLAN_ID, PLAN_NOMBRE, PLAN_LUNES, PLAN_MARTES,PLAN_MIERCOLES,PLAN_JUEVES,PLAN_VIERNES,PLAN_SABADO,PLAN_DOMINGO)VALUES(123,'Bajar de Peso','	Polenta multicolor + Ensalada de fruta','Pasta con berenjenas asadas y ajo + Fruta de estación','Empanaditas rellenas de vegetales + Pera asada con canela y clavo de olor','Chop suey de arroz y verduras + Fruta de estación','Hamburguesas vegetarianas de porotos y quinoa con ensalada de hojas verdes + Ensalada de fruta','Pan de pita crocante con verduras + Compota de manzana','Ñoquis de calabaza con salsa de tomate + Helado light');
INSERT INTO PLANALIMENTACION(PLAN_ID, PLAN_NOMBRE, PLAN_LUNES, PLAN_MARTES,PLAN_MIERCOLES,PLAN_JUEVES,PLAN_VIERNES,PLAN_SABADO,PLAN_DOMINGO)VALUES(321,'Subir de peso','	Ensalada de fruta','Fruta de estación','Empanaditas rellenas de vegetales + Pera asada con canela y clavo de olor','Chop suey de arroz y verduras + Fruta de estación','Hamburguesas vegetarianas de porotos y quinoa con ensalada de hojas verdes + Ensalada de fruta','Pan de pita crocante con verduras + Compota de manzana','Ñoquis de calabaza con salsa de tomate + Helado light');
INSERT INTO PLANALIMENTACION(PLAN_ID, PLAN_NOMBRE, PLAN_LUNES, PLAN_MARTES,PLAN_MIERCOLES,PLAN_JUEVES,PLAN_VIERNES,PLAN_SABADO,PLAN_DOMINGO)VALUES(446,'Volumen','	Fruta','Ñoquis de calabaza con salsa de tomate + Helado light','Empanaditas rellenas de vegetales + Pera asada con canela y clavo de olor','Chop suey de arroz y verduras + Fruta de estación','Hamburguesas vegetarianas de porotos y quinoa con ensalada de hojas verdes + Ensalada de fruta','Pan de pita crocante con verduras + Compota de manzana','Ñoquis de calabaza con salsa de tomate + Helado light');
